{"cameraMode":{"drawMode":0,"name":"Shaded","section":"Shading Mode"},"sceneLighting":false,"audioPlay":false,"sceneViewState":{"showFog":true,"showMaterialUpdate":false,"showSkybox":true,"showFlares":true,"showImageEffects":true,"showParticleSystems":true},"in2DMode":false,"pivot":{"x":0.029228806495666505,"y":0.02486761100590229,"z":0.0006916404236108065},"rotation":{"x":-0.0656527429819107,"y":0.6801954507827759,"z":-0.061382707208395007,"w":-0.7274999022483826},"size":0.5521963834762573,"orthographic":false}