{"cameraMode":{"drawMode":0,"name":"Shaded","section":"Shading Mode"},"sceneLighting":true,"audioPlay":false,"sceneViewState":{"showFog":true,"showMaterialUpdate":false,"showSkybox":true,"showFlares":true,"showImageEffects":true,"showParticleSystems":true},"in2DMode":false,"pivot":{"x":0.16352219879627229,"y":0.09542892128229141,"z":0.01089422032237053},"rotation":{"x":-0.007809946779161692,"y":-0.012589259073138237,"z":0.00009419177513336763,"w":-0.9998902678489685},"size":4.079689979553223,"orthographic":false}