{"cameraMode":{"drawMode":0,"name":"Shaded","section":"Shading Mode"},"sceneLighting":false,"audioPlay":false,"sceneViewState":{"showFog":true,"showMaterialUpdate":false,"showSkybox":true,"showFlares":true,"showImageEffects":true,"showParticleSystems":true},"in2DMode":false,"pivot":{"x":0.067578986287117,"y":0.13896389305591584,"z":0.014494023285806179},"rotation":{"x":-0.2009824961423874,"y":-0.0640050545334816,"z":0.013162162154912949,"w":-0.9774129986763},"size":0.7002301216125488,"orthographic":false}